Ticker,Name,Type,Sector,Asset Class,Market Value,Weight (%),Notional Value,Shares,CUSIP,ISIN,SEDOL,Price,Location,Exchange,Currency,FX Rate,Market Currency,Accrual Date
"XTSLA","BLK CSH FND TREASURY SL AGENCY","Money Market","Cash and/or Derivatives","Money Market","89,600,000.00","1.54","89,600,000.00","89,600,000.00","066922477","US0669224778","-","1.00","United States","-","USD","1.00","USD","-"
"CLF","CLEVELAND CLIFFS INC","Equity","Materials","Equity","87,192,221.48","1.50","87,192,221.48","5,005,294.00","185899101","US1858991011","BYVZ186","17.42","United States","New York Stock Exchange Inc.","USD","1.00","USD","-"
"NEO","NEOGENOMICS INC","Equity","Health Care","Equity","71,478,429.75","1.23","71,478,429.75","1,391,985.00","64049M209","US64049M2098","2598246","51.35","United States","NASDAQ","USD","1.00","USD","-"
"YETI","YETI HOLDINGS INC","Equity","Consumer Discretionary","Equity","66,934,252.29","1.15","66,934,252.29","938,901.00","98585X104","US98585X1046","BGR7KH2","71.29","United States","New York Stock Exchange Inc.","USD","1.00","USD","-"
"OMCL","OMNICELL INC","Equity","Health Care","Equity","63,924,049.04","1.10","63,924,049.04","530,402.00","68213N109","US68213N1090","2789523","120.52","United States","NASDAQ","USD","1.00","USD","-"
"POWI","POWER INTEGRATIONS INC","Equity","Information Technology","Equity","63,896,080.97","1.10","63,896,080.97","748,987.00","739276103","US7392761034","2133045","85.31","United States","NASDAQ","USD","1.00","USD","-"
"SAIA","SAIA INC","Equity","Industrials","Equity","61,323,010.13","1.06","61,323,010.13","327,913.00","78709Y105","US78709Y1055","2982399","187.01","United States","NASDAQ","USD","1.00","USD","-"
"EXPO","EXPONENT INC","Equity","Industrials","Equity","60,082,601.15","1.03","60,082,601.15","646,397.00","30214U102","US30214U1025","2330318","92.95","United States","NASDAQ","USD","1.00","USD","-"
"GTLS","CHART INDUSTRIES INC","Equity","Industrials","Equity","58,722,888.33","1.01","58,722,888.33","442,557.00","16115Q308","US16115Q3083","B19HNF4","132.69","United States","NASDAQ","USD","1.00","USD","-"
"CROX","CROCS INC","Equity","Consumer Discretionary","Equity","57,220,720.20","0.99","57,220,720.20","846,210.00","227046109","US2270461096","B0T7Z62","67.62","United States","NASDAQ","USD","1.00","USD","-"
"ALRM","ALARM.COM HOLDINGS INC","Equity","Information Technology","Equity","56,069,821.42","0.97","56,069,821.42","560,306.00","011642105","US0116421050","BYN7H26","100.07","United States","NASDAQ","USD","1.00","USD","-"
"ENSG","ENSIGN GROUP INC","Equity","Health Care","Equity","55,044,439.74","0.95","55,044,439.74","639,234.00","29358P101","US29358P1012","B1YWPP8","86.11","United States","NASDAQ","USD","1.00","USD","-"
"PRLB","PROTO LABS INC","Equity","Industrials","Equity","54,373,963.54","0.94","54,373,963.54","335,414.00","743713109","US7437131094","B6T6J81","162.11","United States","New York Stock Exchange Inc.","USD","1.00","USD","-"
"BCPC","BALCHEM CORP","Equity","Materials","Equity","51,663,289.92","0.89","51,663,289.92","405,584.00","057665200","US0576652004","2072074","127.38","United States","NASDAQ","USD","1.00","USD","-"
"AEIS","ADVANCED ENERGY INDUSTRIES INC","Equity","Information Technology","Equity","50,986,310.76","0.88","50,986,310.76","479,826.00","007973100","US0079731008","2049175","106.26","United States","NASDAQ","USD","1.00","USD","-"
"SPSC","SPS COMMERCE INC","Equity","Information Technology","Equity","50,368,761.30","0.87","50,368,761.30","441,870.00","78463M107","US78463M1071","B57VWJ3","113.99","United States","NASDAQ","USD","1.00","USD","-"
"IIPR","INNOVATIVE INDUSTRIAL PROPERTIES I","Equity","Real Estate","Equity","49,757,967.07","0.86","49,757,967.07","277,993.00","45781V101","US45781V1017","BD0NN55","178.99","United States","New York Stock Exchange Inc.","USD","1.00","USD","-"
"STMP","STAMPS.COM INC","Equity","Consumer Discretionary","Equity","47,605,546.82","0.82","47,605,546.82","228,631.00","852857200","US8528572006","B013D75","208.22","United States","NASDAQ","USD","1.00","USD","-"
"LPSN","LIVEPERSON INC","Equity","Information Technology","Equity","47,406,534.39","0.82","47,406,534.39","779,841.00","538146101","US5381461012","2577052","60.79","United States","NASDAQ","USD","1.00","USD","-"
"TRUP","TRUPANION INC","Equity","Financials","Equity","47,405,340.76","0.82","47,405,340.76","404,897.00","898202106","US8982021060","BP3YM85","117.08","United States","NASDAQ","USD","1.00","USD","-"
"WDFC","WD-40","Equity","Consumer Staples","Equity","45,369,686.25","0.78","45,369,686.25","171,045.00","929236107","US9292361071","2944742","265.25","United States","NASDAQ","USD","1.00","USD","-"
"KWR","QUAKER CHEMICAL CORP","Equity","Materials","Equity","44,422,275.69","0.77","44,422,275.69","165,243.00","747316107","US7473161070","2715186","268.83","United States","New York Stock Exchange Inc.","USD","1.00","USD","-"
"EGHT","8X8 INC","Equity","Information Technology","Equity","44,000,448.43","0.76","44,000,448.43","1,332,943.00","282914100","US2829141009","2037170","33.01","United States","New York Stock Exchange Inc.","USD","1.00","USD","-"
"VIAV","VIAVI SOLUTIONS INC","Equity","Information Technology","Equity","43,896,045.71","0.76","43,896,045.71","2,870,899.00","925550105","US9255501051","BYXB201","15.29","United States","NASDAQ","USD","1.00","USD","-"
"MSTR","MICROSTRATEGY INC CLASS A","Equity","Information Technology","Equity","43,694,969.85","0.75","43,694,969.85","90,927.00","594972408","US5949724083","2974329","480.55","United States","NASDAQ","USD","1.00","USD","-"
"LCII","LCI INDUSTRIES","Equity","Consumer Discretionary","Equity","43,588,741.56","0.75","43,588,741.56","314,652.00","50189K103","US50189K1034","BYQ44Y5","138.53","United States","New York Stock Exchange Inc.","USD","1.00","USD","-"
"FORM","FORMFACTOR INC","Equity","Information Technology","Equity","42,427,327.03","0.73","42,427,327.03","970,211.00","346375108","US3463751087","2891826","43.73","United States","NASDAQ","USD","1.00","USD","-"
"REGI","RENEWABLE ENERGY INC","Swap","Energy","Equity","41,287,954.12","0.71","41,287,954.12","486,542.00","75972A301","US75972A3014","B7577T2","84.86","United States","NASDAQ","USD","1.00","USD","-"
"DIOD","DIODES INC","Equity","Information Technology","Equity","40,883,522.24","0.70","40,883,522.24","528,484.00","254543101","US2545431015","2270500","77.36","United States","NASDAQ","USD","1.00","USD","-"
"HMSY","HMS HOLDINGS CORP","Equity","Health Care","Equity","40,776,874.67","0.70","40,776,874.67","1,110,179.00","40425J101","US40425J1016","2418043","36.73","United States","NASDAQ","USD","1.00","USD","-"
"GDOT","GREEN DOT CORP CLASS A","Swap","Financials","Equity","39,461,331.42","0.68","39,461,331.42","661,437.00","39304D102","US39304D1028","B3WNNP3","59.66","United States","New York Stock Exchange Inc.","USD","1.00","USD","-"
"SHAK","SHAKE SHACK INC CLASS A","Equity","Consumer Discretionary","Equity","38,826,672.00","0.67","38,826,672.00","446,900.00","819047101","US8190471016","BV0LCR0","86.88","United States","New York Stock Exchange Inc.","USD","1.00","USD","-"
"LTHM","LIVENT CORP","Equity","Materials","Equity","38,151,256.00","0.66","38,151,256.00","1,834,195.00","53814L108","US53814L1089","BD9PM00","20.80","United States","New York Stock Exchange Inc.","USD","1.00","USD","-"
"MTH","MERITAGE CORP","Equity","Consumer Discretionary","Equity","38,133,925.02","0.66","38,133,925.02","471,546.00","59001A102","US59001A1025","2601326","80.87","United States","New York Stock Exchange Inc.","USD","1.00","USD","-"
"VG","VONAGE HOLDINGS CORP","Equity","Communication","Equity","37,635,433.00","0.65","37,635,433.00","2,926,550.00","92886T201","US92886T2015","B15JLG1","12.86","United States","NASDAQ","USD","1.00","USD","-"
"ROCK","GIBRALTAR INDUSTRIES INC","Equity","Industrials","Equity","37,604,476.75","0.65","37,604,476.75","407,725.00","374689107","US3746891072","2369226","92.23","United States","NASDAQ","USD","1.00","USD","-"
"IRDM","IRIDIUM COMMUNICATIONS INC","Equity","Communication","Equity","37,285,118.53","0.64","37,285,118.53","895,631.00","46269C102","US46269C1027","B2QH310","41.63","United States","NASDAQ","USD","1.00","USD","-"
"EXLS","EXLSERVICE HOLDINGS INC","Equity","Information Technology","Equity","36,250,138.08","0.62","36,250,138.08","423,384.00","302081104","US3020811044","B07LST0","85.62","United States","NASDAQ","USD","1.00","USD","-"
"BMI","BADGER METER INC","Equity","Information Technology","Equity","35,481,304.80","0.61","35,481,304.80","365,034.00","056525108","US0565251081","2069128","97.20","United States","New York Stock Exchange Inc.","USD","1.00","USD","-"
"MMSI","MERIT MEDICAL SYSTEMS INC","Equity","Health Care","Equity","35,390,990.25","0.61","35,390,990.25","612,831.00","589889104","US5898891040","2580555","57.75","United States","NASDAQ","USD","1.00","USD","-"
"FELE","FRANKLIN ELECTRIC INC","Equity","Industrials","Equity","35,082,917.52","0.60","35,082,917.52","479,668.00","353514102","US3535141028","2350383","73.14","United States","NASDAQ","USD","1.00","USD","-"
"AAON","AAON INC","Equity","Industrials","Equity","35,079,068.64","0.60","35,079,068.64","509,278.00","000360206","US0003602069","2268130","68.88","United States","NASDAQ","USD","1.00","USD","-"
"RCM","R1 RCM INC","Equity","Health Care","Equity","34,765,716.76","0.60","34,765,716.76","1,462,588.00","749397105","US7493971052","BD8PMK1","23.77","United States","NASDAQ","USD","1.00","USD","-"
"CORT","CORCEPT THERAPEUTICS INC","Equity","Health Care","Equity","34,631,864.40","0.60","34,631,864.40","1,310,820.00","218352102","US2183521028","B00SCY1","26.42","United States","NASDAQ","USD","1.00","USD","-"
"PCRX","PACIRA BIOSCIENCES INC","Equity","Health Care","Equity","34,286,409.95","0.59","34,286,409.95","544,661.00","695127100","US6951271005","B3X26D8","62.95","United States","NASDAQ","USD","1.00","USD","-"
"WD","WALKER & DUNLOP INC","Equity","Financials","Equity","33,976,132.24","0.59","33,976,132.24","364,082.00","93148P102","US93148P1021","B4TZV44","93.32","United States","New York Stock Exchange Inc.","USD","1.00","USD","-"
"DORM","DORMAN PRODUCTS INC","Equity","Consumer Discretionary","Equity","33,634,060.32","0.58","33,634,060.32","360,262.00","258278100","US2582781009","2718594","93.36","United States","NASDAQ","USD","1.00","USD","-"
"MATX","MATSON INC","Equity","Industrials","Equity","33,568,545.06","0.58","33,568,545.06","539,774.00","57686G105","US57686G1058","B8GNC91","62.19","United States","New York Stock Exchange Inc.","USD","1.00","USD","-"
"XNCR","XENCOR INC","Equity","Health Care","Equity","33,348,231.52","0.57","33,348,231.52","719,332.00","98401F105","US98401F1057","BGCYWN8","46.36","United States","NASDAQ","USD","1.00","USD","-"
"MED","MEDIFAST INC","Equity","Consumer Staples","Equity","32,186,390.28","0.55","32,186,390.28","147,556.00","58470H101","US58470H1014","2934033","218.13","United States","New York Stock Exchange Inc.","USD","1.00","USD","-"
"ONTO","ONTO INNOVATION INC","Equity","Information Technology","Equity","31,264,798.65","0.54","31,264,798.65","612,195.00","683344105","US6833441057","BKZ7N95","51.07","United States","New York Stock Exchange Inc.","USD","1.00","USD","-"
"BEAT","BIOTELEMETRY INC","Equity","Health Care","Equity","30,905,043.25","0.53","30,905,043.25","429,535.00","090672106","US0906721065","BCD7L64","71.95","United States","NASDAQ","USD","1.00","USD","-"
"IBP","INSTALLED BUILDING PRODUCTS INC","Equity","Consumer Discretionary","Equity","30,660,273.12","0.53","30,660,273.12","283,944.00","45780R101","US45780R1014","BJSP4C9","107.98","United States","New York Stock Exchange Inc.","USD","1.00","USD","-"
"MDRX","ALLSCRIPTS HEALTHCARE SOLUTIONS IN","Equity","Health Care","Equity","30,600,656.25","0.53","30,600,656.25","1,980,625.00","01988P108","US01988P1084","2710039","15.45","United States","NASDAQ","USD","1.00","USD","-"
"MXL","MAXLINEAR INC","Equity","Information Technology","Equity","30,563,263.08","0.53","30,563,263.08","846,159.00","57776J100","US57776J1007","B3RDWC8","36.12","United States","New York Stock Exchange Inc.","USD","1.00","USD","-"
"SNBR","SLEEP NUMBER CORP","Equity","Consumer Discretionary","Equity","30,195,092.30","0.52","30,195,092.30","347,990.00","83125X103","US83125X1037","BF4HN46","86.77","United States","NASDAQ","USD","1.00","USD","-"
"LGIH","LGI HOMES INC","Equity","Consumer Discretionary","Equity","30,039,956.16","0.52","30,039,956.16","276,917.00","50187T106","US50187T1060","BG3G1B4","108.48","United States","NASDAQ","USD","1.00","USD","-"
"JBT","JOHN BEAN TECHNOLOGIES CORP","Equity","Industrials","Equity","29,559,744.82","0.51","29,559,744.82","242,651.00","477839104","US4778391049","B3BRJZ8","121.82","United States","New York Stock Exchange Inc.","USD","1.00","USD","-"
"EVTC","EVERTEC INC","Equity","Information Technology","Equity","29,547,879.13","0.51","29,547,879.13","748,237.00","30040P103","PR30040P1032","B7KY3Z6","39.49","United States","New York Stock Exchange Inc.","USD","1.00","USD","-"
"WTS","WATTS WATER TECHNOLOGIES INC CLASS","Equity","Industrials","Equity","28,215,128.97","0.49","28,215,128.97","223,557.00","942749102","US9427491025","2943620","126.21","United States","New York Stock Exchange Inc.","USD","1.00","USD","-"
"ITRI","ITRON INC","Equity","Information Technology","Equity","28,173,824.88","0.49","28,173,824.88","263,356.00","465741106","US4657411066","2471949","106.98","United States","NASDAQ","USD","1.00","USD","-"
"IRBT","IROBOT CORP","Equity","Consumer Discretionary","Equity","28,016,612.40","0.48","28,016,612.40","352,632.00","462726100","US4627261005","B0J2NS5","79.45","United States","NASDAQ","USD","1.00","USD","-"
"EPRT","ESSENTIAL PROPERTIES REALTY TRUST","Equity","Real Estate","Equity","27,662,693.76","0.48","27,662,693.76","1,312,272.00","29670E107","US29670E1073","BFFK0X2","21.08","United States","New York Stock Exchange Inc.","USD","1.00","USD","-"
"FWRD","FORWARD AIR CORP","Equity","Industrials","Equity","27,506,910.96","0.47","27,506,910.96","344,871.00","349853101","US3498531017","2510790","79.76","United States","NASDAQ","USD","1.00","USD","-"
"GKOS","GLAUKOS CORP","Equity","Health Care","Equity","27,218,738.40","0.47","27,218,738.40","360,752.00","377322102","US3773221029","BYMWL19","75.45","United States","New York Stock Exchange Inc.","USD","1.00","USD","-"
"FSS","FEDERAL SIGNAL CORP","Equity","Industrials","Equity","26,848,729.67","0.46","26,848,729.67","758,653.00","313855108","US3138551086","2333986","35.39","United States","New York Stock Exchange Inc.","USD","1.00","USD","-"
"COOP","MR COOPER GROUP INC","Equity","Financials","Equity","26,707,221.52","0.46","26,707,221.52","899,839.00","62482R107","US62482R1077","BGHKHS1","29.68","United States","NASDAQ","USD","1.00","USD","-"
"RCII","RENT-A-CENTER INC","Equity","Consumer Discretionary","Equity","26,575,715.16","0.46","26,575,715.16","611,217.00","76009N100","US76009N1000","2733092","43.48","United States","NASDAQ","USD","1.00","USD","-"
"AMN","AMN HEALTHCARE INC","Equity","Health Care","Equity","26,574,606.10","0.46","26,574,606.10","371,465.00","001744101","US0017441017","2813552","71.54","United States","New York Stock Exchange Inc.","USD","1.00","USD","-"
"HI","HILLENBRAND INC","Equity","Industrials","Equity","26,297,172.50","0.45","26,297,172.50","618,757.00","431571108","US4315711089","B2QGDP1","42.50","United States","New York Stock Exchange Inc.","USD","1.00","USD","-"
"AX","AXOS FINANCIAL INC","Equity","Financials","Equity","26,166,532.60","0.45","26,166,532.60","644,020.00","05465C100","US05465C1009","BGK38H3","40.63","United States","New York Stock Exchange Inc.","USD","1.00","USD","-"
"SFBS","SERVISFIRST BANCSHARES INC","Equity","Financials","Equity","26,162,061.37","0.45","26,162,061.37","586,199.00","81768T108","US81768T1088","BMH0MP5","44.63","United States","NASDAQ","USD","1.00","USD","-"
"FIX","COMFORT SYSTEMS USA INC","Equity","Industrials","Equity","26,035,505.21","0.45","26,035,505.21","456,203.00","199908104","US1999081045","2036047","57.07","United States","New York Stock Exchange Inc.","USD","1.00","USD","-"
"VICR","VICOR CORP","Equity","Industrials","Equity","25,963,247.94","0.45","25,963,247.94","264,742.00","925815102","US9258151029","2930774","98.07","United States","NASDAQ","USD","1.00","USD","-"
"NMIH","NMI HOLDINGS INC CLASS A","Equity","Financials","Equity","25,072,731.90","0.43","25,072,731.90","1,063,305.00","629209305","US6292093050","BGDW5G5","23.58","United States","NASDAQ","USD","1.00","USD","-"
"PLMR","PALOMAR HOLDINGS INC","Equity","Financials","Equity","25,037,792.01","0.43","25,037,792.01","271,943.00","69753M105","US69753M1053","BJYLZK6","92.07","United States","NASDAQ","USD","1.00","USD","-"
"AIT","APPLIED INDUSTRIAL TECHNOLOGIES IN","Equity","Industrials","Equity","24,816,944.94","0.43","24,816,944.94","295,651.00","03820C105","US03820C1053","2086309","83.94","United States","New York Stock Exchange Inc.","USD","1.00","USD","-"
"AVAV","AEROVIRONMENT INC","Equity","Industrials","Equity","24,603,713.18","0.42","24,603,713.18","274,994.00","008073108","US0080731088","B1P5YY8","89.47","United States","NASDAQ","USD","1.00","USD","-"
"MODIV","MODIVCARE INC","Equity","Other","Equity","24,070,092.96","0.41","24,070,092.96","154,712.00","60783X104","-","BNDL420","155.58","United States","NASDAQ","USD","1.00","USD","-"
"FN","FABRINET","Equity","Information Technology","Equity","23,440,448.16","0.40","23,440,448.16","286,488.00","-","KYG3323L1005","B4JSZL8","81.82","United States","New York Stock Exchange Inc.","USD","1.00","USD","-"
"CNMD","CONMED CORP","Equity","Health Care","Equity","23,195,216.57","0.40","23,195,216.57","200,807.00","207410101","US2074101013","2216010","115.51","United States","New York Stock Exchange Inc.","USD","1.00","USD","-"
"ADC","AGREE REALTY REIT CORP","Equity","Real Estate","Equity","22,987,969.39","0.40","22,987,969.39","347,093.00","008492100","US0084921008","2062161","66.23","United States","New York Stock Exchange Inc.","USD","1.00","USD","-"
"EHTH","EHEALTH INC","Equity","Financials","Equity","22,723,653.30","0.39","22,723,653.30","324,670.00","28238P109","US28238P1093","B1G0F83","69.99","United States","NASDAQ","USD","1.00","USD","-"
"EGOV","NIC INC","Equity","Information Technology","Equity","22,693,024.63","0.39","22,693,024.63","838,309.00","62914B100","US62914B1008","2438126","27.07","United States","NASDAQ","USD","1.00","USD","-"
"CVET","COVETRUS INC","Equity","Health Care","Equity","22,670,837.46","0.39","22,670,837.46","745,506.00","22304C100","US22304C1009","BHZSB82","30.41","United States","NASDAQ","USD","1.00","USD","-"
"PRAA","PRA GROUP INC","Equity","Financials","Equity","22,628,786.40","0.39","22,628,786.40","571,434.00","69354N106","US69354N1063","BSHZ3P9","39.60","United States","NASDAQ","USD","1.00","USD","-"
"ADUS","ADDUS HOMECARE CORP","Equity","Health Care","Equity","22,545,365.64","0.39","22,545,365.64","188,286.00","006739106","US0067391062","B55BN47","119.74","United States","NASDAQ","USD","1.00","USD","-"
"TUP","TUPPERWARE BRANDS CORP","Equity","Consumer Discretionary","Equity","22,483,827.94","0.39","22,483,827.94","616,502.00","899896104","US8998961044","2872069","36.47","United States","New York Stock Exchange Inc.","USD","1.00","USD","-"
"UFPI","UFP INDUSTRIES INC","Equity","Industrials","Equity","22,475,474.10","0.39","22,475,474.10","391,218.00","90278Q108","US90278Q1085","BMQ60Q1","57.45","United States","NASDAQ","USD","1.00","USD","-"
"UNF","UNIFIRST CORP","Equity","Industrials","Equity","22,336,278.40","0.38","22,336,278.40","99,290.00","904708104","US9047081040","2466428","224.96","United States","New York Stock Exchange Inc.","USD","1.00","USD","-"
"UNIT","UNITI GROUP INC","Equity","Real Estate","Equity","22,298,045.52","0.38","22,298,045.52","1,867,508.00","91325V108","US91325V1089","BD6VBR1","11.94","United States","NASDAQ","USD","1.00","USD","-"
"COHU","COHU INC","Equity","Information Technology","Equity","22,176,463.80","0.38","22,176,463.80","526,132.00","192576106","US1925761066","2208426","42.15","United States","NASDAQ","USD","1.00","USD","-"
"BGS","B AND G FOODS INC","Equity","Consumer Staples","Equity","22,152,240.00","0.38","22,152,240.00","805,536.00","05508R106","US05508R1068","B034L49","27.50","United States","New York Stock Exchange Inc.","USD","1.00","USD","-"
"AJRD","AEROJET ROCKETDYNE HOLDINGS INC","Equity","Industrials","Equity","21,457,154.88","0.37","21,457,154.88","405,464.00","007800105","US0078001056","BWD7PX9","52.92","United States","New York Stock Exchange Inc.","USD","1.00","USD","-"
"MANT","MANTECH INTERNATIONAL CORP CLASS A","Equity","Information Technology","Equity","21,331,959.08","0.37","21,331,959.08","231,718.00","564563104","US5645631046","2825308","92.06","United States","NASDAQ","USD","1.00","USD","-"
"PNTG","PENNANT GROUP INC","Equity","Health Care","Equity","21,088,054.32","0.36","21,088,054.32","317,209.00","70805E109","US70805E1091","BKTC976","66.48","United States","NASDAQ","USD","1.00","USD","-"
"ROG","ROGERS CORP","Equity","Information Technology","Equity","21,058,242.70","0.36","21,058,242.70","124,091.00","775133101","US7751331015","2746700","169.70","United States","New York Stock Exchange Inc.","USD","1.00","USD","-"
"VSTO","VISTA OUTDOOR INC","Equity","Consumer Discretionary","Equity","20,961,343.26","0.36","20,961,343.26","730,106.00","928377100","US9283771007","BVGC697","28.71","United States","New York Stock Exchange Inc.","USD","1.00","USD","-"
"CWT","CALIFORNIA WATER SERVICE GROUP","Equity","Utilities","Equity","20,953,613.50","0.36","20,953,613.50","367,930.00","130788102","US1307881029","2165383","56.95","United States","New York Stock Exchange Inc.","USD","1.00","USD","-"
"CBU","COMMUNITY BANK SYSTEM INC","Swap","Financials","Equity","20,950,916.65","0.36","20,950,916.65","308,965.00","203607106","US2036071064","2222062","67.81","United States","New York Stock Exchange Inc.","USD","1.00","USD","-"
"SEM","SELECT MEDICAL HOLDINGS CORP","Equity","Health Care","Equity","20,819,407.64","0.36","20,819,407.64","687,563.00","81619Q105","US81619Q1058","B4MF0Q6","30.28","United States","New York Stock Exchange Inc.","USD","1.00","USD","-"
"ESE","ESCO TECHNOLOGIES INC","Equity","Industrials","Equity","20,715,674.64","0.36","20,715,674.64","192,239.00","296315104","US2963151046","2321583","107.76","United States","New York Stock Exchange Inc.","USD","1.00","USD","-"
"VRTS","VIRTUS INVESTMENT PARTNERS INC","Equity","Financials","Equity","20,614,275.09","0.36","20,614,275.09","89,717.00","92828Q109","US92828Q1094","B3KKGQ8","229.77","United States","NASDAQ","USD","1.00","USD","-"
"ARNC","ARCONIC CORP","Equity","Materials","Equity","20,534,779.12","0.35","20,534,779.12","681,992.00","03966V107","US03966V1070","BKLJ8S9","30.11","United States","New York Stock Exchange Inc.","USD","1.00","USD","-"
"BIG","BIG LOTS INC","Equity","Consumer Discretionary","Equity","20,395,772.10","0.35","20,395,772.10","447,865.00","089302103","US0893021032","2218447","45.54","United States","New York Stock Exchange Inc.","USD","1.00","USD","-"
"AWR","AMERICAN STATES WATER","Equity","Utilities","Equity","20,382,071.97","0.35","20,382,071.97","249,261.00","029899101","US0298991011","2267171","81.77","United States","New York Stock Exchange Inc.","USD","1.00","USD","-"
"PATK","PATRICK INDUSTRIES INC","Equity","Consumer Discretionary","Equity","20,327,023.26","0.35","20,327,023.26","275,322.00","703343103","US7033431039","2673154","73.83","United States","NASDAQ","USD","1.00","USD","-"
"PRFT","PERFICIENT INC","Equity","Information Technology","Equity","20,049,336.75","0.35","20,049,336.75","413,815.00","71375U101","US71375U1016","2442547","48.45","United States","NASDAQ","USD","1.00","USD","-"
"CCOI","COGENT COMMUNICATIONS HOLDINGS INC","Equity","Communication","Equity","19,985,706.18","0.34","19,985,706.18","332,154.00","19239V302","US19239V3024","B06RWD1","60.17","United States","NASDAQ","USD","1.00","USD","-"
"ACA","ARCOSA INC","Equity","Industrials","Equity","19,788,642.99","0.34","19,788,642.99","326,707.00","039653100","US0396531008","BGPZ5W8","60.57","United States","New York Stock Exchange Inc.","USD","1.00","USD","-"
"CYTK","CYTOKINETICS INC","Equity","Health Care","Equity","18,909,492.43","0.33","18,909,492.43","887,353.00","23282W605","US23282W6057","BBBSBJ5","21.31","United States","NASDAQ","USD","1.00","USD","-"
"SHEN","SHENANDOAH TELECOMMUNICATIONS","Equity","Communication","Equity","18,838,131.34","0.32","18,838,131.34","405,034.00","82312B106","US82312B1061","2676692","46.51","United States","NASDAQ","USD","1.00","USD","-"
"SPXC","SPX CORP","Equity","Industrials","Equity","18,835,488.50","0.32","18,835,488.50","325,030.00","784635104","US7846351044","2787185","57.95","United States","New York Stock Exchange Inc.","USD","1.00","USD","-"
"FUL","HB FULLER","Equity","Materials","Equity","18,742,504.74","0.32","18,742,504.74","330,789.00","359694106","US3596941068","2354664","56.66","United States","New York Stock Exchange Inc.","USD","1.00","USD","-"
"TTGT","TECHTARGET INC","Equity","Communication","Equity","18,678,407.28","0.32","18,678,407.28","295,919.00","87874R100","US87874R1005","B1XH822","63.12","United States","NASDAQ","USD","1.00","USD","-"
"UCTT","ULTRA CLEAN HOLDINGS INC","Equity","Information Technology","Equity","18,634,461.70","0.32","18,634,461.70","507,751.00","90385V107","US90385V1070","B00G0F2","36.70","United States","NASDAQ","USD","1.00","USD","-"
"ALG","ALAMO GROUP INC","Equity","Industrials","Equity","18,613,079.80","0.32","18,613,079.80","123,388.00","011311107","US0113111076","2021634","150.85","United States","New York Stock Exchange Inc.","USD","1.00","USD","-"
"SSTK","SHUTTERSTOCK INC","Equity","Consumer Discretionary","Equity","18,598,854.24","0.32","18,598,854.24","277,016.00","825690100","US8256901005","B7ZR219","67.14","United States","New York Stock Exchange Inc.","USD","1.00","USD","-"
"THRM","GENTHERM INC","Equity","Consumer Discretionary","Equity","18,535,225.27","0.32","18,535,225.27","270,311.00","37253A103","US37253A1034","B8JFD24","68.57","United States","NASDAQ","USD","1.00","USD","-"
"SCL","STEPAN","Equity","Materials","Equity","18,470,219.92","0.32","18,470,219.92","144,434.00","858586100","US8585861003","2845005","127.88","United States","New York Stock Exchange Inc.","USD","1.00","USD","-"
"VRTU","VIRTUSA CORP","Equity","Information Technology","Equity","18,302,466.84","0.32","18,302,466.84","357,191.00","92827P102","US92827P1021","B1YWRN0","51.24","United States","NASDAQ","USD","1.00","USD","-"
"RGNX","REGENXBIO INC","Equity","Health Care","Equity","18,264,200.52","0.31","18,264,200.52","375,189.00","75901B107","US75901B1070","BZ0G875","48.68","United States","NASDAQ","USD","1.00","USD","-"
"XPER","XPERI HOLDING CORP","Equity","Information Technology","Equity","17,975,590.77","0.31","17,975,590.77","834,909.00","98390M103","US98390M1036","BMWP0C8","21.53","United States","NASDAQ","USD","1.00","USD","-"
"EAT","BRINKER INTERNATIONAL INC","Equity","Consumer Discretionary","Equity","17,812,200.96","0.31","17,812,200.96","302,517.00","109641100","US1096411004","2193544","58.88","United States","New York Stock Exchange Inc.","USD","1.00","USD","-"
"JOE","ST JOE","Equity","Real Estate","Equity","17,668,850.00","0.30","17,668,850.00","391,250.00","790148100","US7901481009","2768663","45.16","United States","New York Stock Exchange Inc.","USD","1.00","USD","-"
"HSKA","HESKA CORP","Equity","Health Care","Equity","17,663,571.13","0.30","17,663,571.13","111,421.00","42805E306","US42805E3062","B44C366","158.53","United States","NASDAQ","USD","1.00","USD","-"
"ELY","CALLAWAY GOLF","Equity","Consumer Discretionary","Equity","17,661,507.80","0.30","17,661,507.80","684,820.00","131193104","US1311931042","2173933","25.79","United States","New York Stock Exchange Inc.","USD","1.00","USD","-"
"MLAB","MESA LABORATORIES INC","Equity","Health Care","Equity","17,598,697.60","0.30","17,598,697.60","60,832.00","59064R109","US59064R1095","2553814","289.30","United States","NASDAQ","USD","1.00","USD","-"
"SUPN","SUPERNUS PHARMACEUTICALS INC","Equity","Health Care","Equity","17,450,885.56","0.30","17,450,885.56","660,518.00","868459108","US8684591089","B72ZBG4","26.42","United States","NASDAQ","USD","1.00","USD","-"
"PLXS","PLEXUS CORP","Equity","Information Technology","Equity","17,357,197.60","0.30","17,357,197.60","205,654.00","729132100","US7291321005","2692160","84.40","United States","NASDAQ","USD","1.00","USD","-"
"PRGS","PROGRESS SOFTWARE CORP","Equity","Information Technology","Equity","17,333,092.08","0.30","17,333,092.08","367,538.00","743312100","US7433121008","2705198","47.16","United States","NASDAQ","USD","1.00","USD","-"
"TTEC","TTEC HOLDINGS INC","Equity","Information Technology","Equity","17,279,321.24","0.30","17,279,321.24","228,502.00","89854H102","US89854H1023","BF950B1","75.62","United States","NASDAQ","USD","1.00","USD","-"
"MDC","MDC HOLDINGS INC","Equity","Consumer Discretionary","Equity","17,258,237.56","0.30","17,258,237.56","379,052.00","552676108","US5526761086","2561204","45.53","United States","New York Stock Exchange Inc.","USD","1.00","USD","-"
"CELH","CELSIUS HOLDINGS INC","Equity","Consumer Staples","Equity","17,164,327.26","0.30","17,164,327.26","327,939.00","15118V207","US15118V2079","B19HX21","52.34","United States","NASDAQ","USD","1.00","USD","-"
"GLUU","GLU MOBILE INC","Equity","Communication","Equity","16,541,676.16","0.28","16,541,676.16","1,854,448.00","379890106","US3798901068","B1VP204","8.92","United States","NASDAQ","USD","1.00","USD","-"
"TBK","TRIUMPH BANCORP INC","Equity","Financials","Equity","16,524,128.40","0.28","16,524,128.40","283,530.00","89679E300","US89679E3009","BS7T2S7","58.28","United States","NASDAQ","USD","1.00","USD","-"
"NSA","NATIONAL STORAGE AFFILIATES TRUST","Equity","Real Estate","Equity","16,305,967.60","0.28","16,305,967.60","475,670.00","637870106","US6378701063","BWWCK85","34.28","United States","New York Stock Exchange Inc.","USD","1.00","USD","-"
"PGTI","PGT INNOVATIONS INC","Equity","Industrials","Equity","16,185,420.93","0.28","16,185,420.93","738,723.00","69336V101","US69336V1017","B17V2N9","21.91","United States","New York Stock Exchange Inc.","USD","1.00","USD","-"
"CCS","CENTURY COMMUNITIES INC","Equity","Consumer Discretionary","Equity","15,860,110.40","0.27","15,860,110.40","363,764.00","156504300","US1565043007","BN7ZZ47","43.60","United States","New York Stock Exchange Inc.","USD","1.00","USD","-"
"EPAY","BOTTOMLINE TECHNOLOGIES INC","Equity","Information Technology","Equity","15,551,398.32","0.27","15,551,398.32","294,981.00","101388106","US1013881065","2389558","52.72","United States","NASDAQ","USD","1.00","USD","-"
"SWN","SOUTHWESTERN ENERGY","Equity","Energy","Equity","15,230,612.10","0.26","15,230,612.10","4,615,337.00","845467109","US8454671095","2828619","3.30","United States","New York Stock Exchange Inc.","USD","1.00","USD","-"
"AIN","ALBANY INTERNATIONAL CORP CLASS A","Equity","Industrials","Equity","14,773,318.56","0.25","14,773,318.56","191,961.00","012348108","US0123481089","2012757","76.96","United States","New York Stock Exchange Inc.","USD","1.00","USD","-"
"BSIG","BRIGHTSPHERE INVESTMENT GROUP INC","Equity","Financials","Equity","14,662,096.64","0.25","14,662,096.64","751,132.00","10948W103","US10948W1036","BJBLBN4","19.52","United States","New York Stock Exchange Inc.","USD","1.00","USD","-"
"FBC","FLAGSTAR BANCORP INC","Swap","Financials","Equity","14,468,576.38","0.25","14,468,576.38","355,843.00","337930705","US3379307057","B7SVZ97","40.66","United States","New York Stock Exchange Inc.","USD","1.00","USD","-"
"SMPL","THE SIMPLY GOOD FOODS COMPANY","Equity","Consumer Staples","Equity","14,279,522.04","0.25","14,279,522.04","475,034.00","82900L102","US82900L1026","BF27XF9","30.06","United States","NASDAQ","USD","1.00","USD","-"
"FCPT","FOUR CORNERS PROPERTY INC TRUST","Equity","Real Estate","Equity","14,275,805.60","0.25","14,275,805.60","508,760.00","35086T109","US35086T1097","BZ16HK0","28.06","United States","New York Stock Exchange Inc.","USD","1.00","USD","-"
"SLP","SIMULATIONS PLUS INC","Equity","Health Care","Equity","14,270,363.38","0.25","14,270,363.38","189,917.00","829214105","US8292141053","2122560","75.14","United States","NASDAQ","USD","1.00","USD","-"
"OMI","OWENS & MINOR INC","Equity","Health Care","Equity","14,257,628.00","0.25","14,257,628.00","479,248.00","690732102","US6907321029","2665128","29.75","United States","New York Stock Exchange Inc.","USD","1.00","USD","-"
"WGO","WINNEBAGO INDUSTRIES INC","Equity","Consumer Discretionary","Equity","14,245,882.14","0.25","14,245,882.14","215,814.00","974637100","US9746371007","2972721","66.01","United States","New York Stock Exchange Inc.","USD","1.00","USD","-"
"RRC","RANGE RESOURCES CORP","Equity","Energy","Equity","14,123,016.09","0.24","14,123,016.09","1,831,779.00","75281A109","US75281A1097","2523334","7.71","United States","New York Stock Exchange Inc.","USD","1.00","USD","-"
"ENDP","ENDO INTERNATIONAL PLC","Equity","Health Care","Equity","14,036,500.99","0.24","14,036,500.99","1,761,167.00","-","IE00BJ3V9050","BJ3V905","7.97","United States","NASDAQ","USD","1.00","USD","-"
"LMNX","LUMINEX CORP","Equity","Health Care","Equity","14,000,582.88","0.24","14,000,582.88","542,448.00","55027E102","US55027E1029","2572109","25.81","United States","NASDAQ","USD","1.00","USD","-"
"CVBF","CVB FINANCIAL CORP","Equity","Financials","Equity","13,953,621.60","0.24","13,953,621.60","646,001.00","126600105","US1266001056","2160645","21.60","United States","NASDAQ","USD","1.00","USD","-"
"ITGR","INTEGER HOLDINGS CORP","Equity","Health Care","Equity","13,729,540.80","0.24","13,729,540.80","164,860.00","45826H109","US45826H1095","BD06LM7","83.28","United States","New York Stock Exchange Inc.","USD","1.00","USD","-"
"SHOO","STEVEN MADDEN LTD","Equity","Consumer Discretionary","Equity","13,720,505.76","0.24","13,720,505.76","378,288.00","556269108","US5562691080","2553911","36.27","United States","NASDAQ","USD","1.00","USD","-"
"CTRE","CARETRUST REIT INC","Swap","Real Estate","Equity","13,715,954.31","0.24","13,715,954.31","603,961.00","14174T107","US14174T1079","BMP8TL6","22.71","United States","NASDAQ","USD","1.00","USD","-"
"CHRS","COHERUS BIOSCIENCES INC","Equity","Health Care","Equity","13,671,746.80","0.24","13,671,746.80","794,869.00","19249H103","US19249H1032","BRK0149","17.20","United States","NASDAQ","USD","1.00","USD","-"
"ALGT","ALLEGIANT TRAVEL","Equity","Industrials","Equity","13,634,331.96","0.23","13,634,331.96","72,323.00","01748X102","US01748X1028","B15M2C3","188.52","United States","NASDAQ","USD","1.00","USD","-"
"DIN","DINE BRANDS GLOBAL INC","Equity","Consumer Discretionary","Equity","13,573,287.42","0.23","13,573,287.42","205,843.00","254423106","US2544231069","2456957","65.94","United States","New York Stock Exchange Inc.","USD","1.00","USD","-"
"CEVA","CEVA INC","Equity","Information Technology","Equity","13,434,039.36","0.23","13,434,039.36","278,946.00","157210105","US1572101053","2986937","48.16","United States","NASDAQ","USD","1.00","USD","-"
"QNST","QUINSTREET INC","Equity","Communication","Equity","13,413,400.23","0.23","13,413,400.23","609,423.00","74874Q100","US74874Q1004","B3PGPB9","22.01","United States","NASDAQ","USD","1.00","USD","-"
"MRTN","MARTEN TRANSPORT LTD","Equity","Industrials","Equity","13,200,222.84","0.23","13,200,222.84","734,979.00","573075108","US5730751089","2568357","17.96","United States","NASDAQ","USD","1.00","USD","-"
"SAFE","SAFEHOLD INC","Equity","Real Estate","Equity","13,072,520.25","0.23","13,072,520.25","179,691.00","78645L100","US78645L1008","BJ50QH6","72.75","United States","New York Stock Exchange Inc.","USD","1.00","USD","-"
"CUB","CUBIC CORP","Equity","Industrials","Equity","12,879,939.60","0.22","12,879,939.60","201,564.00","229669106","US2296691064","2239266","63.90","United States","New York Stock Exchange Inc.","USD","1.00","USD","-"
"SNEX","STONEX GROUP INC","Equity","Financials","Equity","12,861,906.78","0.22","12,861,906.78","203,963.00","861896108","US8618961085","BMQ8XV3","63.06","United States","NASDAQ","USD","1.00","USD","-"
"LXP","LEXINGTON REALTY TRUST REIT","Equity","Real Estate","Equity","12,837,243.25","0.22","12,837,243.25","1,249,975.00","529043101","US5290431015","2139151","10.27","United States","New York Stock Exchange Inc.","USD","1.00","USD","-"
"WWW","WOLVERINE WORLD WIDE INC","Equity","Consumer Discretionary","Equity","12,799,191.25","0.22","12,799,191.25","390,815.00","978097103","US9780971035","2977500","32.75","United States","New York Stock Exchange Inc.","USD","1.00","USD","-"
"CHCT","COMMUNITY HEALTHCARE TRUST INC","Equity","Real Estate","Equity","12,759,227.94","0.22","12,759,227.94","276,114.00","20369C106","US20369C1062","BXC87C3","46.21","United States","New York Stock Exchange Inc.","USD","1.00","USD","-"
"BRC","BRADY NONVOTING CORP CLASS A","Equity","Industrials","Equity","12,711,275.34","0.22","12,711,275.34","237,018.00","104674106","US1046741062","2117726","53.63","United States","New York Stock Exchange Inc.","USD","1.00","USD","-"
"KLIC","KULICKE AND SOFFA INDUSTRIES INC","Equity","Information Technology","Equity","12,689,098.20","0.22","12,689,098.20","381,054.00","501242101","US5012421013","2498001","33.30","United States","NASDAQ","USD","1.00","USD","-"
"FLOW","SPX FLOW INC","Equity","Industrials","Equity","12,534,774.90","0.22","12,534,774.90","200,910.00","78469X107","US78469X1072","BYMN2T7","62.39","United States","New York Stock Exchange Inc.","USD","1.00","USD","-"
"PSMT","PRICESMART INC","Equity","Consumer Staples","Equity","12,523,359.91","0.22","12,523,359.91","128,537.00","741511109","US7415111092","2092942","97.43","United States","NASDAQ","USD","1.00","USD","-"
"LZB","LA-Z-BOY INC","Equity","Consumer Discretionary","Equity","12,521,624.92","0.22","12,521,624.92","295,043.00","505336107","US5053361078","2508405","42.44","United States","New York Stock Exchange Inc.","USD","1.00","USD","-"
"TRHC","TABULA RASA HEALTHCARE INC","Equity","Health Care","Equity","12,505,008.00","0.22","12,505,008.00","271,848.00","873379101","US8733791011","BYQBFS7","46.00","United States","NASDAQ","USD","1.00","USD","-"
"KFY","KORN FERRY","Equity","Industrials","Equity","12,492,312.00","0.22","12,492,312.00","271,572.00","500643200","US5006432000","2386849","46.00","United States","New York Stock Exchange Inc.","USD","1.00","USD","-"
"JJSF","J AND J SNACK FOODS CORP","Equity","Consumer Staples","Equity","12,388,712.28","0.21","12,388,712.28","80,724.00","466032109","US4660321096","2469171","153.47","United States","NASDAQ","USD","1.00","USD","-"
"FIZZ","NATIONAL BEVERAGE CORP","Equity","Consumer Staples","Equity","12,142,723.56","0.21","12,142,723.56","146,157.00","635017106","US6350171061","2638625","83.08","United States","NASDAQ","USD","1.00","USD","-"
"TCMD","TACTILE SYSTEMS TECHNOLOGY INC","Equity","Health Care","Equity","12,103,639.80","0.21","12,103,639.80","243,534.00","87357P100","US87357P1003","BZB1XF2","49.70","United States","NASDAQ","USD","1.00","USD","-"
"EBIX","EBIX INC","Equity","Information Technology","Equity","11,892,417.44","0.20","11,892,417.44","295,024.00","278715206","US2787152063","2008400","40.31","United States","NASDAQ","USD","1.00","USD","-"
"CPK","CHESAPEAKE UTILITIES CORP","Equity","Utilities","Equity","11,863,977.95","0.20","11,863,977.95","111,535.00","165303108","US1653031088","2190750","106.37","United States","New York Stock Exchange Inc.","USD","1.00","USD","-"
"CSII","CARDIOVASCULAR SYSTEMS INC","Equity","Health Care","Equity","11,829,612.72","0.20","11,829,612.72","256,552.00","141619106","US1416191062","B17HG57","46.11","United States","NASDAQ","USD","1.00","USD","-"
"CVCO","CAVCO INDUSTRIES INC","Equity","Consumer Discretionary","Equity","11,701,258.84","0.20","11,701,258.84","62,102.00","149568107","US1495681074","2787022","188.42","United States","NASDAQ","USD","1.00","USD","-"
"CENTA","CENTRAL GARDEN AND PET CLASS A","Equity","Consumer Staples","Equity","11,655,777.15","0.20","11,655,777.15","297,721.00","153527205","US1535272058","B1P36Y6","39.15","United States","NASDAQ","USD","1.00","USD","-"
"LL","LUMBER LIQUIDATORS HOLDINGS INC","Equity","Consumer Discretionary","Equity","11,634,744.28","0.20","11,634,744.28","362,002.00","55003T107","US55003T1079","B5KKQN9","32.14","United States","New York Stock Exchange Inc.","USD","1.00","USD","-"
"CYH","COMMUNITY HEALTH SYSTEMS INC","Equity","Health Care","Equity","11,615,985.68","0.20","11,615,985.68","1,409,707.00","203668108","US2036681086","2600248","8.24","United States","New York Stock Exchange Inc.","USD","1.00","USD","-"
"IOSP","INNOSPEC INC","Equity","Materials","Equity","11,573,731.40","0.20","11,573,731.40","116,930.00","45768S105","US45768S1050","2245597","98.98","United States","NASDAQ","USD","1.00","USD","-"
"INDB","INDEPENDENT BANK CORP","Swap","Financials","Equity","11,569,150.38","0.20","11,569,150.38","146,798.00","453836108","US4538361084","2447821","78.81","United States","NASDAQ","USD","1.00","USD","-"
"VIVO","MERIDIAN BIOSCIENCE INC","Equity","Health Care","Equity","11,524,538.96","0.20","11,524,538.96","540,044.00","589584101","US5895841014","2580265","21.34","United States","NASDAQ","USD","1.00","USD","-"
"MOGA","MOOG INC CLASS A","Equity","Industrials","Equity","11,465,582.07","0.20","11,465,582.07","139,467.00","615394202","US6153942023","2601218","82.21","United States","New York Stock Exchange Inc.","USD","1.00","USD","-"
"ASTE","ASTEC INDUSTRIES INC","Equity","Industrials","Equity","11,417,138.80","0.20","11,417,138.80","172,856.00","046224101","US0462241011","2060370","66.05","United States","NASDAQ","USD","1.00","USD","-"
"KTB","KONTOOR BRANDS INC","Equity","Consumer Discretionary","Equity","11,281,304.79","0.19","11,281,304.79","264,633.00","50050N103","US50050N1037","BJTJGC4","42.63","United States","New York Stock Exchange Inc.","USD","1.00","USD","-"
"LNN","LINDSAY CORP","Equity","Industrials","Equity","11,254,358.70","0.19","11,254,358.70","81,731.00","535555106","US5355551061","2516613","137.70","United States","New York Stock Exchange Inc.","USD","1.00","USD","-"
"USPH","US PHYSICAL THERAPY INC","Equity","Health Care","Equity","11,246,457.42","0.19","11,246,457.42","88,506.00","90337L108","US90337L1089","2911166","127.07","United States","New York Stock Exchange Inc.","USD","1.00","USD","-"
"AMWD","AMERICAN WOODMARK CORP","Equity","Industrials","Equity","11,177,356.86","0.19","11,177,356.86","112,914.00","030506109","US0305061097","2030674","98.99","United States","NASDAQ","USD","1.00","USD","-"
"PIPR","PIPER SANDLER COMPANIES","Equity","Financials","Equity","11,129,386.80","0.19","11,129,386.80","106,890.00","724078100","US7240781002","2227089","104.12","United States","New York Stock Exchange Inc.","USD","1.00","USD","-"
"RMBS","RAMBUS INC","Equity","Information Technology","Equity","10,999,173.50","0.19","10,999,173.50","599,410.00","750917106","US7509171069","2721967","18.35","United States","NASDAQ","USD","1.00","USD","-"
"FLGT","FULGENT GENETICS INC","Equity","Health Care","Equity","10,987,772.40","0.19","10,987,772.40","164,340.00","359664109","US3596641098","BYQBFQ5","66.86","United States","NASDAQ","USD","1.00","USD","-"
"MLI","MUELLER INDUSTRIES INC","Equity","Industrials","Equity","10,954,332.35","0.19","10,954,332.35","285,641.00","624756102","US6247561029","2609717","38.35","United States","New York Stock Exchange Inc.","USD","1.00","USD","-"
"PRK","PARK NATIONAL CORP","Equity","Financials","Equity","10,894,408.98","0.19","10,894,408.98","97,734.00","700658107","US7006581075","2673251","111.47","United States","Nyse Mkt Llc","USD","1.00","USD","-"
"VGR","VECTOR GROUP LTD","Equity","Consumer Staples","Equity","10,663,377.20","0.18","10,663,377.20","797,560.00","92240M108","US92240M1080","2515803","13.37","United States","New York Stock Exchange Inc.","USD","1.00","USD","-"
"OSIS","OSI SYSTEMS INC","Equity","Information Technology","Equity","10,635,342.55","0.18","10,635,342.55","110,635.00","671044105","US6710441055","2111579","96.13","United States","NASDAQ","USD","1.00","USD","-"
"CALM","CAL MAINE FOODS INC","Equity","Consumer Staples","Equity","10,622,015.82","0.18","10,622,015.82","276,471.00","128030202","US1280302027","2158781","38.42","United States","NASDAQ","USD","1.00","USD","-"
"RGR","STURM RUGER INC","Equity","Consumer Discretionary","Equity","10,596,262.88","0.18","10,596,262.88","135,989.00","864159108","US8641591081","2856289","77.92","United States","New York Stock Exchange Inc.","USD","1.00","USD","-"
"HZO","MARINEMAX INC","Equity","Consumer Discretionary","Equity","10,568,356.89","0.18","10,568,356.89","276,731.00","567908108","US5679081084","2250353","38.19","United States","New York Stock Exchange Inc.","USD","1.00","USD","-"
"HIBB","HIBBETT SPORTS INC","Equity","Consumer Discretionary","Equity","10,512,353.16","0.18","10,512,353.16","208,083.00","428567101","US4285671016","2428376","50.52","United States","NASDAQ","USD","1.00","USD","-"
"BOOT","BOOT BARN HOLDINGS INC","Equity","Consumer Discretionary","Equity","10,392,655.42","0.18","10,392,655.42","217,147.00","099406100","US0994061002","BRS6600","47.86","United States","New York Stock Exchange Inc.","USD","1.00","USD","-"
"AGYS","AGILISYS INC","Equity","Information Technology","Equity","10,141,133.85","0.17","10,141,133.85","254,355.00","00847J105","US00847J1051","2689162","39.87","United States","NASDAQ","USD","1.00","USD","-"
"INVA","INNOVIVA INC","Equity","Health Care","Equity","10,032,614.84","0.17","10,032,614.84","788,108.00","45781M101","US45781M1018","BDDXF67","12.73","United States","NASDAQ","USD","1.00","USD","-"
"MD","MEDNAX INC","Equity","Health Care","Equity","9,948,244.17","0.17","9,948,244.17","418,521.00","58502B106","US58502B1061","2677640","23.77","United States","New York Stock Exchange Inc.","USD","1.00","USD","-"
"DEA","EASTERLY GOVERNMENT PROPERTIES INC","Equity","Real Estate","Equity","9,918,593.55","0.17","9,918,593.55","437,907.00","27616P103","US27616P1030","BVSS693","22.65","United States","New York Stock Exchange Inc.","USD","1.00","USD","-"
"OSPN","ONESPAN INC","Equity","Information Technology","Equity","9,857,560.32","0.17","9,857,560.32","427,104.00","68287N100","US68287N1000","BFNSSD4","23.08","United States","NASDAQ","USD","1.00","USD","-"
"CBB","CINCINNATI BELL INC","Swap","Communication","Equity","9,598,068.65","0.17","9,598,068.65","626,915.00","171871502","US1718715022","BD5CWW7","15.31","United States","New York Stock Exchange Inc.","USD","1.00","USD","-"
"CSGS","CSG SYSTEMS INTERNATIONAL INC","Equity","Information Technology","Equity","9,450,538.24","0.16","9,450,538.24","206,524.00","126349109","US1263491094","2210885","45.76","United States","NASDAQ","USD","1.00","USD","-"
"FARO","FARO TECHNOLOGIES INC","Equity","Information Technology","Equity","9,426,644.30","0.16","9,426,644.30","129,398.00","311642102","US3116421021","2106661","72.85","United States","NASDAQ","USD","1.00","USD","-"
"WABC","WESTAMERICA BANCORPORATION","Swap","Financials","Equity","9,359,339.52","0.16","9,359,339.52","152,333.00","957090103","US9570901036","2950374","61.44","United States","NASDAQ","USD","1.00","USD","-"
"BOOM","DMC GLOBAL INC","Equity","Energy","Equity","9,270,361.10","0.16","9,270,361.10","185,222.00","23291C103","US23291C1036","BYN8NH6","50.05","United States","NASDAQ","USD","1.00","USD","-"
"AZZ","AZZ INC","Equity","Industrials","Equity","9,251,576.42","0.16","9,251,576.42","182,333.00","002474104","US0024741045","2067672","50.74","United States","New York Stock Exchange Inc.","USD","1.00","USD","-"
"PLT","PLANTRONICS INC","Equity","Information Technology","Equity","9,200,750.08","0.16","9,200,750.08","305,876.00","727493108","US7274931085","2692030","30.08","United States","New York Stock Exchange Inc.","USD","1.00","USD","-"
"CASH","META FINANCIAL GROUP INC","Swap","Financials","Equity","9,137,245.46","0.16","9,137,245.46","226,562.00","59100U108","US59100U1088","2420316","40.33","United States","NASDAQ","USD","1.00","USD","-"
"LMAT","LEMAITRE VASCULAR INC","Equity","Health Care","Equity","9,061,635.51","0.16","9,061,635.51","211,671.00","525558201","US5255582018","B1G6TJ0","42.81","United States","NASDAQ","USD","1.00","USD","-"
"MTDR","MATADOR RESOURCES","Equity","Energy","Equity","8,744,755.74","0.15","8,744,755.74","592,062.00","576485205","US5764852050","B7MSLL8","14.77","United States","New York Stock Exchange Inc.","USD","1.00","USD","-"
"PETS","PETMED EXPRESS INC","Equity","Consumer Discretionary","Equity","8,562,448.26","0.15","8,562,448.26","254,154.00","716382106","US7163821066","2143099","33.69","United States","NASDAQ","USD","1.00","USD","-"
"NBHC","NATIONAL BANK HOLDINGS CORP CLASS","Swap","Financials","Equity","8,505,325.40","0.15","8,505,325.40","237,380.00","633707104","US6337071046","B888DV3","35.83","United States","New York Stock Exchange Inc.","USD","1.00","USD","-"
"ILPT","INDUSTRIAL LOGISTICS PROPERTIES TR","Equity","Real Estate","Equity","8,345,019.40","0.14","8,345,019.40","367,622.00","456237106","US4562371066","BFFK7S6","22.70","United States","NASDAQ","USD","1.00","USD","-"
"JRVR","JAMES RIVER GROUP HOLDINGS LTD","Swap","Financials","Equity","8,251,322.88","0.14","8,251,322.88","151,456.00","-","BMG5005R1079","BT8RWQ5","54.48","United States","NASDAQ","USD","1.00","USD","-"
"DDD","3D SYSTEMS CORP","Equity","Information Technology","Equity","8,221,936.36","0.14","8,221,936.36","731,489.00","88554D205","US88554D2053","2889768","11.24","United States","New York Stock Exchange Inc.","USD","1.00","USD","-"
"ACLS","AXCELIS TECHNOLOGIES INC","Equity","Information Technology","Equity","8,166,993.12","0.14","8,166,993.12","272,961.00","054540208","US0545402085","BD420Q8","29.92","United States","NASDAQ","USD","1.00","USD","-"
"USNA","USANA HEALTH SCIENCES INC","Equity","Consumer Staples","Equity","8,099,883.78","0.14","8,099,883.78","96,221.00","90328M107","US90328M1071","2267698","84.18","United States","New York Stock Exchange Inc.","USD","1.00","USD","-"
"GCP","GCP APPLIED TECHNOLOGIES INC","Equity","Materials","Equity","8,085,171.52","0.14","8,085,171.52","313,136.00","36164Y101","US36164Y1010","BYW8TV3","25.82","United States","New York Stock Exchange Inc.","USD","1.00","USD","-"
"CRVL","CORVEL CORP","Equity","Health Care","Equity","7,940,250.65","0.14","7,940,250.65","73,081.00","221006109","US2210061097","2347277","108.65","United States","NASDAQ","USD","1.00","USD","-"
"TNC","TENNANT","Equity","Industrials","Equity","7,881,163.38","0.14","7,881,163.38","106,531.00","880345103","US8803451033","2883641","73.98","United States","New York Stock Exchange Inc.","USD","1.00","USD","-"
"ARLO","ARLO TECHNOLOGIES INC","Equity","Information Technology","Equity","7,837,868.71","0.14","7,837,868.71","990,881.00","04206A101","US04206A1016","BYWPZY9","7.91","United States","New York Stock Exchange Inc.","USD","1.00","USD","-"
"MEI","METHODE ELECTRONICS INC","Equity","Information Technology","Equity","7,808,061.63","0.13","7,808,061.63","192,459.00","591520200","US5915202007","2583297","40.57","United States","New York Stock Exchange Inc.","USD","1.00","USD","-"
"CTS","CTS CORP","Equity","Information Technology","Equity","7,785,659.53","0.13","7,785,659.53","213,833.00","126501105","US1265011056","2239244","36.41","United States","New York Stock Exchange Inc.","USD","1.00","USD","-"
"IRT","INDEPENDENCE REALTY INC TRUST","Equity","Real Estate","Equity","7,784,749.35","0.13","7,784,749.35","582,255.00","45378A106","US45378A1060","BCRYTK1","13.37","United States","New York Stock Exchange Inc.","USD","1.00","USD","-"
"LTC","LTC PROPERTIES REIT INC","Equity","Real Estate","Equity","7,521,421.60","0.13","7,521,421.60","191,873.00","502175102","US5021751020","2498788","39.20","United States","New York Stock Exchange Inc.","USD","1.00","USD","-"
"MYRG","MYR GROUP INC","Equity","Industrials","Equity","7,359,338.10","0.13","7,359,338.10","117,430.00","55405W104","US55405W1045","B3CLS18","62.67","United States","NASDAQ","USD","1.00","USD","-"
"EPAC","ENERPAC TOOL GROUP CORP CLASS A","Equity","Industrials","Equity","7,342,961.60","0.13","7,342,961.60","306,980.00","292765104","US2927651040","BH3T5K7","23.92","United States","New York Stock Exchange Inc.","USD","1.00","USD","-"
"BANF","BANCFIRST CORP","Equity","Financials","Equity","7,313,476.94","0.13","7,313,476.94","114,434.00","05945F103","US05945F1030","2078782","63.91","United States","NASDAQ","USD","1.00","USD","-"
"UIS","UNISYS CORP","Equity","Information Technology","Equity","7,191,242.52","0.12","7,191,242.52","347,739.00","909214306","US9092143067","2931595","20.68","United States","New York Stock Exchange Inc.","USD","1.00","USD","-"
"HNGR","HANGER INC","Equity","Health Care","Equity","7,115,153.17","0.12","7,115,153.17","290,533.00","41043F208","US41043F2083","2796653","24.49","United States","New York Stock Exchange Inc.","USD","1.00","USD","-"
"CLB","CORE LABORATORIES NV","Equity","Energy","Equity","7,068,916.80","0.12","7,068,916.80","223,135.00","N22717107","NL0000200384","2182531","31.68","United States","New York Stock Exchange Inc.","USD","1.00","USD","-"
"CAKE","CHEESECAKE FACTORY INC","Equity","Consumer Discretionary","Equity","6,876,902.14","0.12","6,876,902.14","184,022.00","163072101","US1630721017","2192392","37.37","United States","NASDAQ","USD","1.00","USD","-"
"OSUR","ORASURE TECHNOLOGIES INC","Equity","Health Care","Equity","6,780,073.24","0.12","6,780,073.24","575,558.00","68554V108","US68554V1089","2318790","11.78","United States","NASDAQ","USD","1.00","USD","-"
"COKE","COCA COLA CONSOLIDATED INC","Equity","Consumer Staples","Equity","6,763,643.29","0.12","6,763,643.29","25,007.00","191098102","US1910981026","2206721","270.47","United States","NASDAQ","USD","1.00","USD","-"
"UNFI","UNITED NATURAL FOODS INC","Equity","Consumer Staples","Equity","6,696,057.66","0.12","6,696,057.66","372,417.00","911163103","US9111631035","2895163","17.98","United States","New York Stock Exchange Inc.","USD","1.00","USD","-"
"NXRT","NEXPOINT RESIDENTIAL TRUST INC","Equity","Real Estate","Equity","6,687,602.74","0.12","6,687,602.74","158,249.00","65341D102","US65341D1028","BWC6PW6","42.26","United States","New York Stock Exchange Inc.","USD","1.00","USD","-"
"CSR","CENTERSPACE TRUST","Equity","Real Estate","Equity","6,679,885.08","0.12","6,679,885.08","92,532.00","15202L107","US15202L1070","BN47P80","72.19","United States","New York Stock Exchange Inc.","USD","1.00","USD","-"
"MTRN","MATERION CORP","Equity","Materials","Equity","6,672,299.04","0.11","6,672,299.04","96,588.00","576690101","US5766901012","2149622","69.08","United States","New York Stock Exchange Inc.","USD","1.00","USD","-"
"RAVN","RAVEN INDUSTRIES INC","Equity","Industrials","Equity","6,636,144.25","0.11","6,636,144.25","188,795.00","754212108","US7542121089","2725851","35.15","United States","NASDAQ","USD","1.00","USD","-"
"VECO","VEECO INSTRUMENTS INC","Equity","Information Technology","Equity","6,537,397.23","0.11","6,537,397.23","342,093.00","922417100","US9224171002","2938422","19.11","United States","NASDAQ","USD","1.00","USD","-"
"NXGN","NEXTGEN HEALTHCARE INC","Equity","Health Care","Equity","6,530,285.00","0.11","6,530,285.00","325,700.00","65343C102","US65343C1027","BF5L3D6","20.05","United States","NASDAQ","USD","1.00","USD","-"
"CHCO","CITY HOLDING","Swap","Financials","Equity","6,499,399.56","0.11","6,499,399.56","89,302.00","177835105","US1778351056","2161778","72.78","United States","NASDAQ","USD","1.00","USD","-"
"CVGW","CALAVO GROWERS INC","Equity","Consumer Staples","Equity","6,467,331.80","0.11","6,467,331.80","85,321.00","128246105","US1282461052","2859200","75.80","United States","NASDAQ","USD","1.00","USD","-"
"TVTY","TIVITY HEALTH INC","Equity","Health Care","Equity","6,310,137.12","0.11","6,310,137.12","309,776.00","88870R102","US88870R1023","BD8Q1B8","20.37","United States","NASDAQ","USD","1.00","USD","-"
"CRY","CRYOLIFE INC","Equity","Health Care","Equity","6,251,493.00","0.11","6,251,493.00","257,475.00","228903100","US2289031005","2239017","24.28","United States","New York Stock Exchange Inc.","USD","1.00","USD","-"
"IPAR","INTER PARFUMS INC","Equity","Consumer Staples","Equity","6,170,899.50","0.11","6,170,899.50","97,425.00","458334109","US4583341098","2473150","63.34","United States","NASDAQ","USD","1.00","USD","-"
"FORR","FORRESTER RESEARCH INC","Equity","Industrials","Equity","6,111,834.39","0.11","6,111,834.39","137,747.00","346563109","US3465631097","2398855","44.37","United States","NASDAQ","USD","1.00","USD","-"
"AMPH","AMPHASTAR PHARMACEUTICALS INC","Equity","Health Care","Equity","5,991,408.00","0.10","5,991,408.00","298,080.00","03209R103","US03209R1032","BNFWZS4","20.10","United States","NASDAQ","USD","1.00","USD","-"
"ELF","ELF BEAUTY INC","Equity","Consumer Staples","Equity","5,960,380.95","0.10","5,960,380.95","246,195.00","26856L103","US26856L1035","BDDQ975","24.21","United States","New York Stock Exchange Inc.","USD","1.00","USD","-"
"GME","GAMESTOP CORP CLASS A","Equity","Consumer Discretionary","Equity","5,921,540.64","0.10","5,921,540.64","322,524.00","36467W109","US36467W1099","B0LLFT5","18.36","United States","New York Stock Exchange Inc.","USD","1.00","USD","-"
"GTY","GETTY REALTY REIT CORP","Equity","Real Estate","Equity","5,826,370.00","0.10","5,826,370.00","211,868.00","374297109","US3742971092","2698146","27.50","United States","New York Stock Exchange Inc.","USD","1.00","USD","-"
"ECOL","US ECOLOGY INC","Equity","Industrials","Equity","5,757,067.00","0.10","5,757,067.00","153,850.00","91734M103","US91734M1036","BK4N2K8","37.42","United States","NASDAQ","USD","1.00","USD","-"
"ZUMZ","ZUMIEZ INC","Equity","Consumer Discretionary","Equity","5,749,636.77","0.10","5,749,636.77","146,637.00","989817101","US9898171015","B081QB7","39.21","United States","NASDAQ","USD","1.00","USD","-"
"HTLD","HEARTLAND EXPRESS INC","Equity","Industrials","Equity","5,737,699.95","0.10","5,737,699.95","302,781.00","422347104","US4223471040","2414018","18.95","United States","NASDAQ","USD","1.00","USD","-"
"CRMT","AMERICAS CAR-MART INC","Equity","Consumer Discretionary","Equity","5,723,203.20","0.10","5,723,203.20","49,270.00","03062T105","US03062T1051","2813961","116.16","United States","NASDAQ","USD","1.00","USD","-"
"FOE","FERRO CORP","Equity","Materials","Equity","5,661,809.01","0.10","5,661,809.01","359,937.00","315405100","US3154051003","2335001","15.73","United States","New York Stock Exchange Inc.","USD","1.00","USD","-"
"AMSF","AMERISAFE INC","Equity","Financials","Equity","5,587,336.45","0.10","5,587,336.45","89,555.00","03071H100","US03071H1005","B0PPHS6","62.39","United States","NASDAQ","USD","1.00","USD","-"
"RDNT","RADNET INC","Equity","Health Care","Equity","5,468,346.37","0.09","5,468,346.37","263,281.00","750491102","US7504911022","B1JNG19","20.77","United States","NASDAQ","USD","1.00","USD","-"
"BCEI","BONANZA CREEK ENERGY INC","Swap","Energy","Equity","5,371,704.88","0.09","5,371,704.88","229,364.00","097793400","US0977934001","BYXGJD8","23.42","United States","New York Stock Exchange Inc.","USD","1.00","USD","-"
"GWB","GREAT WESTERN BANCORP INC","Swap","Financials","Equity","5,333,285.95","0.09","5,333,285.95","231,379.00","391416104","US3914161043","BRHZ1X6","23.05","United States","New York Stock Exchange Inc.","USD","1.00","USD","-"
"DBD","DIEBOLD NIXDORF INC","Equity","Information Technology","Equity","5,309,354.80","0.09","5,309,354.80","457,703.00","253651103","US2536511031","2269229","11.60","United States","New York Stock Exchange Inc.","USD","1.00","USD","-"
"MMI","MARCUS & MILLICHAP INC","Equity","Real Estate","Equity","5,252,849.84","0.09","5,252,849.84","138,488.00","566324109","US5663241090","BFWGXV2","37.93","United States","New York Stock Exchange Inc.","USD","1.00","USD","-"
"CENX","CENTURY ALUMINUM","Equity","Materials","Equity","5,100,187.62","0.09","5,100,187.62","376,954.00","156431108","US1564311082","2186254","13.53","United States","NASDAQ","USD","1.00","USD","-"
"EXTR","EXTREME NETWORKS INC","Equity","Information Technology","Equity","5,068,940.31","0.09","5,068,940.31","678,573.00","30226D106","US30226D1063","2407052","7.47","United States","NASDAQ","USD","1.00","USD","-"
"MCRI","MONARCH CASINO AND RESORT INC","Equity","Consumer Discretionary","Equity","5,060,647.22","0.09","5,060,647.22","81,742.00","609027107","US6090271072","2599197","61.91","United States","NASDAQ","USD","1.00","USD","-"
"SRDX","SURMODICS INC","Equity","Health Care","Equity","5,038,089.24","0.09","5,038,089.24","109,619.00","868873100","US8688731004","2502678","45.96","United States","NASDAQ","USD","1.00","USD","-"
"ICHR","ICHOR HOLDINGS LTD","Equity","Information Technology","Equity","4,978,633.68","0.09","4,978,633.68","145,192.00","-","KYG4740B1059","BD2B5Y0","34.29","United States","NASDAQ","USD","1.00","USD","-"
"UHT","UNIVERSAL HEALTH REALTY INCOME TRU","Equity","Real Estate","Equity","4,943,862.10","0.09","4,943,862.10","73,690.00","91359E105","US91359E1055","2927497","67.09","United States","New York Stock Exchange Inc.","USD","1.00","USD","-"
"PDFS","PDF SOLUTIONS INC","Equity","Information Technology","Equity","4,929,850.80","0.08","4,929,850.80","223,576.00","693282105","US6932821050","2782425","22.05","United States","NASDAQ","USD","1.00","USD","-"
"ECHO","ECHO GLOBAL LOGISTICS INC","Equity","Industrials","Equity","4,826,701.58","0.08","4,826,701.58","170,134.00","27875T101","US27875T1016","B4M7GZ3","28.37","United States","NASDAQ","USD","1.00","USD","-"
"PRDO","PERDOCEO EDUCATION CORP","Equity","Consumer Discretionary","Equity","4,819,617.66","0.08","4,819,617.66","382,206.00","71363P106","US71363P1066","BKRQQR9","12.61","United States","NASDAQ","USD","1.00","USD","-"
"VNDA","VANDA PHARMACEUTICALS INC","Equity","Health Care","Equity","4,808,333.75","0.08","4,808,333.75","349,697.00","921659108","US9216591084","B12W3P6","13.75","United States","NASDAQ","USD","1.00","USD","-"
"BKE","BUCKLE INC","Equity","Consumer Discretionary","Equity","4,779,852.55","0.08","4,779,852.55","147,299.00","118440106","US1184401065","2149934","32.45","United States","New York Stock Exchange Inc.","USD","1.00","USD","-"
"PLAB","PHOTRONICS INC","Equity","Information Technology","Equity","4,684,219.54","0.08","4,684,219.54","403,117.00","719405102","US7194051022","2687315","11.62","United States","NASDAQ","USD","1.00","USD","-"
"RWT","REDWOOD TRUST REIT INC","Equity","Financials","Equity","4,532,659.65","0.08","4,532,659.65","519,205.00","758075402","US7580754023","2730877","8.73","United States","New York Stock Exchange Inc.","USD","1.00","USD","-"
"SKT","TANGER FACTORY OUTLET CENTERS REIT","Equity","Real Estate","Equity","4,510,792.00","0.08","4,510,792.00","410,072.00","875465106","US8754651060","2874582","11.00","United States","New York Stock Exchange Inc.","USD","1.00","USD","-"
"INGN","INOGEN INC","Equity","Health Care","Equity","4,503,482.58","0.08","4,503,482.58","96,662.00","45780L104","US45780L1044","BJSVLL5","46.59","United States","NASDAQ","USD","1.00","USD","-"
"HLIT","HARMONIC INC","Equity","Information Technology","Equity","4,458,700.02","0.08","4,458,700.02","588,219.00","413160102","US4131601027","2510659","7.58","United States","NASDAQ","USD","1.00","USD","-"
"MGPI","MGP INGREDIENTS INC","Equity","Consumer Staples","Equity","4,330,169.47","0.07","4,330,169.47","87,673.00","55303J106","US55303J1060","B6ZJTH3","49.39","United States","NASDAQ","USD","1.00","USD","-"
"DGII","DIGI INTERNATIONAL INC","Equity","Information Technology","Equity","4,211,932.80","0.07","4,211,932.80","212,295.00","253798102","US2537981027","2269661","19.84","United States","NASDAQ","USD","1.00","USD","-"
"BCOR","BLUCORA INC","Equity","Financials","Equity","4,198,011.84","0.07","4,198,011.84","265,026.00","095229100","US0952291005","B8L2DV2","15.84","United States","NASDAQ","USD","1.00","USD","-"
"HCI","HCI GROUP INC","Equity","Financials","Equity","4,174,785.72","0.07","4,174,785.72","77,054.00","40416E103","US40416E1038","BBN23F5","54.18","United States","New York Stock Exchange Inc.","USD","1.00","USD","-"
"ENTA","ENANTA PHARMACEUTICALS INC","Equity","Health Care","Equity","4,127,357.58","0.07","4,127,357.58","94,103.00","29251M106","US29251M1062","B9L5200","43.86","United States","NASDAQ","USD","1.00","USD","-"
"UEIC","UNIVERSAL ELECTRONICS INC","Equity","Consumer Discretionary","Equity","3,886,530.80","0.07","3,886,530.80","70,472.00","913483103","US9134831034","2911683","55.15","United States","NASDAQ","USD","1.00","USD","-"
"OFIX","ORTHOFIX MEDICAL INC","Equity","Health Care","Equity","3,872,036.79","0.07","3,872,036.79","87,267.00","68752M108","US68752M1080","BGGJFT6","44.37","United States","NASDAQ","USD","1.00","USD","-"
"MYE","MYERS INDUSTRIES INC","Equity","Materials","Equity","3,871,212.80","0.07","3,871,212.80","175,168.00","628464109","US6284641098","2613086","22.10","United States","New York Stock Exchange Inc.","USD","1.00","USD","-"
"WRLD","WORLD ACCEPTANCE CORP","Equity","Financials","Equity","3,857,411.00","0.07","3,857,411.00","33,986.00","981419104","US9814191048","2981181","113.50","United States","NASDAQ","USD","1.00","USD","-"
"BHLB","BERKSHIRE HILLS BANCORP INC","Swap","Financials","Equity","3,855,438.00","0.07","3,855,438.00","198,325.00","084680107","US0846801076","2606570","19.44","United States","New York Stock Exchange Inc.","USD","1.00","USD","-"
"HWKN","HAWKINS INC","Equity","Materials","Equity","3,730,442.45","0.06","3,730,442.45","65,389.00","420261109","US4202611095","2415594","57.05","United States","NASDAQ","USD","1.00","USD","-"
"VVI","VIAD CORP","Equity","Industrials","Equity","3,705,697.03","0.06","3,705,697.03","105,007.00","92552R406","US92552R4065","B01KGF5","35.29","United States","New York Stock Exchange Inc.","USD","1.00","USD","-"
"RMAX","RE MAX HOLDINGS INC CLASS A","Equity","Real Estate","Equity","3,598,529.12","0.06","3,598,529.12","97,574.00","75524W108","US75524W1080","BF23JJ3","36.88","United States","New York Stock Exchange Inc.","USD","1.00","USD","-"
"SPPI","SPECTRUM PHARMACEUTICALS INC","Equity","Health Care","Equity","3,592,069.74","0.06","3,592,069.74","1,006,182.00","84763A108","US84763A1088","2982924","3.57","United States","NASDAQ","USD","1.00","USD","-"
"LQDT","LIQUIDITY SERVICES INC","Equity","Consumer Discretionary","Equity","3,572,425.35","0.06","3,572,425.35","216,905.00","53635B107","US53635B1070","B0ZN8Z4","16.47","United States","NASDAQ","USD","1.00","USD","-"
"ZYXI","ZYNEX INC","Equity","Health Care","Equity","3,517,095.68","0.06","3,517,095.68","243,904.00","98986M103","US98986M1036","2226042","14.42","United States","NASDAQ","USD","1.00","USD","-"
"CIR","CIRCOR INTERNATIONAL INC","Equity","Industrials","Equity","3,483,492.39","0.06","3,483,492.39","89,943.00","17273K109","US17273K1097","2496384","38.73","United States","New York Stock Exchange Inc.","USD","1.00","USD","-"
"WETF","WISDOMTREE INVESTMENTS INC","Equity","Financials","Equity","3,372,634.58","0.06","3,372,634.58","587,567.00","97717P104","US97717P1049","2476513","5.74","United States","NASDAQ","USD","1.00","USD","-"
"APEI","AMERICAN PUBLIC EDUCATION INC","Equity","Consumer Discretionary","Equity","3,343,803.84","0.06","3,343,803.84","103,974.00","02913V103","US02913V1035","B292GM4","32.16","United States","NASDAQ","USD","1.00","USD","-"
"LPG","DORIAN LPG LTD","Equity","Energy","Equity","3,340,507.68","0.06","3,340,507.68","239,979.00","Y2106R110","MHY2106R1100","BM4QJF5","13.92","United States","New York Stock Exchange Inc.","USD","1.00","USD","-"
"ANIK","ANIKA THERAPEUTICS INC","Equity","Health Care","Equity","3,271,222.76","0.06","3,271,222.76","71,284.00","035255108","US0352551081","2035754","45.89","United States","NASDAQ","USD","1.00","USD","-"
"LDL","LYDALL INC","Equity","Industrials","Equity","3,249,935.10","0.06","3,249,935.10","97,158.00","550819106","US5508191062","2534671","33.45","United States","New York Stock Exchange Inc.","USD","1.00","USD","-"
"AMBC","AMBAC FINANCIAL GROUP INC","Equity","Financials","Equity","3,223,759.11","0.06","3,223,759.11","195,261.00","023139884","US0231398845","B7ZKH46","16.51","United States","New York Stock Exchange Inc.","USD","1.00","USD","-"
"CENT","CENTRAL GARDEN AND PET","Equity","Consumer Staples","Equity","3,162,411.00","0.05","3,162,411.00","74,550.00","153527106","US1535271068","2183868","42.42","United States","NASDAQ","USD","1.00","USD","-"
"FOSL","FOSSIL GROUP INC","Equity","Consumer Discretionary","Equity","3,088,661.14","0.05","3,088,661.14","317,111.00","34988V106","US34988V1061","BBGT609","9.74","United States","NASDAQ","USD","1.00","USD","-"
"DFIN","DONNELLEY FINANCIAL SOLUTIONS INC","Equity","Financials","Equity","3,029,641.97","0.05","3,029,641.97","163,853.00","25787G100","US25787G1004","BYND5T7","18.49","United States","New York Stock Exchange Inc.","USD","1.00","USD","-"
"TGI","TRIUMPH GROUP INC","Equity","Industrials","Equity","2,933,784.78","0.05","2,933,784.78","228,666.00","896818101","US8968181011","2893071","12.83","United States","New York Stock Exchange Inc.","USD","1.00","USD","-"
"HSTM","HEALTHSTREAM INC","Equity","Health Care","Equity","2,928,337.96","0.05","2,928,337.96","120,607.00","42222N103","US42222N1037","2577870","24.28","United States","NASDAQ","USD","1.00","USD","-"
"IVR","INVESCO MORTGAGE CAPITAL REIT INC","Equity","Financials","Equity","2,843,735.96","0.05","2,843,735.96","841,342.00","46131B100","US46131B1008","B5ZW0F0","3.38","United States","New York Stock Exchange Inc.","USD","1.00","USD","-"
"HVT","HAVERTY FURNITURE COMPANIES INC","Equity","Consumer Discretionary","Equity","2,818,120.20","0.05","2,818,120.20","94,220.00","419596101","US4195961010","2414245","29.91","United States","New York Stock Exchange Inc.","USD","1.00","USD","-"
"ANGO","ANGIODYNAMICS INC","Equity","Health Care","Equity","2,696,250.22","0.05","2,696,250.22","166,538.00","03475V101","US03475V1017","B00CR04","16.19","United States","NASDAQ","USD","1.00","USD","-"
"EGRX","EAGLE PHARMACEUTICALS INC","Equity","Health Care","Equity","2,618,246.88","0.05","2,618,246.88","52,344.00","269796108","US2697961082","BJH7VB4","50.02","United States","NASDAQ","USD","1.00","USD","-"
"RUTH","RUTHS HOSPITALITY GROUP INC","Equity","Consumer Discretionary","Equity","2,593,696.95","0.04","2,593,696.95","147,789.00","783332109","US7833321091","B0G4KC7","17.55","United States","NASDAQ","USD","1.00","USD","-"
"AVD","AMER VANGUARD CORP","Equity","Materials","Equity","2,574,547.16","0.04","2,574,547.16","149,596.00","030371108","US0303711081","2025711","17.21","United States","New York Stock Exchange Inc.","USD","1.00","USD","-"
"IIIN","INSTEEL INDUSTRIES INC","Equity","Industrials","Equity","2,493,063.33","0.04","2,493,063.33","99,049.00","45774W108","US45774W1080","2325875","25.17","United States","NASDAQ","USD","1.00","USD","-"
"CUTR","CUTERA INC","Equity","Health Care","Equity","2,404,539.12","0.04","2,404,539.12","97,271.00","232109108","US2321091082","2839741","24.72","United States","NASDAQ","USD","1.00","USD","-"
"DSPG","DSP GROUP INC","Equity","Information Technology","Equity","2,383,255.08","0.04","2,383,255.08","142,881.00","23332B106","US23332B1061","2275680","16.68","United States","NASDAQ","USD","1.00","USD","-"
"LOCO","EL POLLO LOCO INC","Equity","Consumer Discretionary","Equity","2,372,332.80","0.04","2,372,332.80","123,559.00","268603107","US2686031079","BP857F5","19.20","United States","NASDAQ","USD","1.00","USD","-"
"BFS","SAUL CENTERS REIT INC","Equity","Real Estate","Equity","2,187,001.48","0.04","2,187,001.48","65,953.00","804395101","US8043951016","2777777","33.16","United States","New York Stock Exchange Inc.","USD","1.00","USD","-"
"CPSI","COMPUTER PROGRAMS AND SYSTEMS INC","Equity","Health Care","Equity","2,152,846.60","0.04","2,152,846.60","74,390.00","205306103","US2053061030","2872122","28.94","United States","NASDAQ","USD","1.00","USD","-"
"FF","FUTUREFUEL CORP","Equity","Materials","Equity","1,921,484.60","0.03","1,921,484.60","135,890.00","36116M106","US36116M1062","B3BBRD4","14.14","United States","New York Stock Exchange Inc.","USD","1.00","USD","-"
"CAMP","CALAMP CORP","Equity","Information Technology","Equity","1,764,940.80","0.03","1,764,940.80","175,616.00","128126109","US1281261099","2164700","10.05","United States","NASDAQ","USD","1.00","USD","-"
"TWI","TITAN INTERNATIONAL INC","Equity","Industrials","Equity","1,692,258.56","0.03","1,692,258.56","283,936.00","88830M102","US88830M1027","2890265","5.96","United States","New York Stock Exchange Inc.","USD","1.00","USD","-"
"GHL","GREENHILL INC","Equity","Financials","Equity","1,511,916.12","0.03","1,511,916.12","106,548.00","395259104","US3952591044","B00G8B4","14.19","United States","New York Stock Exchange Inc.","USD","1.00","USD","-"
"ANIP","ANI PHARMACEUTICALS INC","Equity","Health Care","Equity","1,369,897.25","0.02","1,369,897.25","43,475.00","00182C103","US00182C1036","BCDWBX6","31.51","United States","NASDAQ","USD","1.00","USD","-"
"PKE","PARK AEROSPACE CORP","Equity","Industrials","Equity","1,273,220.64","0.02","1,273,220.64","91,467.00","70014A104","US70014A1043","BK9TGC1","13.92","United States","New York Stock Exchange Inc.","USD","1.00","USD","-"
"MSFUT","CASH COLLATERAL MSFUT USD","Cash Collateral and Margins","Cash and/or Derivatives","Cash Collateral and Margins","994,000.00","0.02","994,000.00","994,000.00","-","-","-","100.00","United States","-","USD","1.00","USD","Feb 01, 2009"
"RGS","REGIS CORP","Equity","Consumer Discretionary","Equity","939,626.79","0.02","939,626.79","106,413.00","758932107","US7589321071","2730327","8.83","United States","New York Stock Exchange Inc.","USD","1.00","USD","-"
"JPMSW","CASH COLLATERAL USD JPMSW","Cash Collateral and Margins","Cash and/or Derivatives","Cash Collateral and Margins","170,002.12","0.00","170,002.12","170,000.00","-","-","-","100.00","United States","-","USD","1.00","USD","May 01, 2002"
"USD","USD CASH(Corp Act)","Cash","Cash and/or Derivatives","Cash","52,143.96","0.00","52,143.96","52,144.00","-","-","-","100.00","United States","-","USD","1.00","USD","-"
"RTYH1","RUSSELL 2000 EMINI CME MAR 21","Futures","Cash and/or Derivatives","Futures","0.00","0.00","14,003,240.00","136.00","-","-","-","2,059.30","-","Chicago Mercantile Exchange","USD","1.00","USD","-"
"USD","USD CASH","Cash","Cash and/or Derivatives","Cash","-69,766,317.17","-1.20","-69,766,317.17","-69,766,317.00","-","-","-","100.00","United States","-","USD","1.00","USD","-"
